,Name,State,Constituency,Party,Attendance.Percent,Debates.Total,Questions.Asked,Private.Member.Bills
1,A. Anwhar Raajhaa,Tamil Nadu,Ramanthapuram,All India Anna Dravida Munnetra Kazhagam,73,85,79,1
2,A. Arunmozhithevan,Tamil Nadu,Cuddalore,All India Anna Dravida Munnetra Kazhagam,84,91,223,1
3,A.P. Jithender Reddy,Telangana,Mahabubnagar,Telangana Rashtra Samithi,87,137,39,19
4,A.T. Nana Patil,Maharashtra,Jalgaon,Bharatiya Janata Party,86,138,217,10
5,Abhijit Mukherjee,West Bengal,Jangipur,Indian National Congress,97,83,32,1
6,Abhishek Banerjee,West Bengal,Diamond Harbour,All India Trinamool Congress,31,78,218,1
7,Abhishek Singh,Chhattisgarh,Rajnandgaon,Bharatiya Janata Party,80,40,161,1
8,Abu Hasem Khan Choudhury,West Bengal,Maldaha Dakshin,Indian National Congress,77,53,1,1
9,Adhikari Deepak (Dev),West Bengal,Ghatal,All India Trinamool Congress,10,53,132,1
10,Adhir Ranjan Chowdhury,West Bengal,Baharampur,Indian National Congress,82,8,50,20
11,Ajay Misra Teni,Uttar Pradesh,Kheri,Bharatiya Janata Party,96,63,196,20
12,Ajay Nishad,Bihar,Muzaffarpur,Bharatiya Janata Party,97,54,64,1
13,Ajay Tamta,Uttarakhand,Almora,Bharatiya Janata Party,94,37,280,1
14,Akshay Yadav,Uttar Pradesh,Firozabad,Samajwadi Party,72,3,2,1
15,Alok Sanjar,Madhya Pradesh,Bhopal,Bharatiya Janata Party,96,20,174,17
16,Amarinder Singh,Punjab,Amritsar,Indian National Congress,6,95,54,1
17,Anandrao Adsul,Maharashtra,Amravati,Shiv Sena,86,111,305,13
18,Anant Gangaram Geete,Maharashtra,Raigad,Shiv Sena,NA,155,315,25
19,Anant Kumar Hegde,Karnataka,Uttara Kannada,Bharatiya Janata Party,96,2,102,1
20,Ananth Kumar,Karnataka,Bangalore South,Bharatiya Janata Party,NA,155,315,25
21,Anbumani Ramadoss,Tamil Nadu,Dharmapuri,Pattali Makkal Katchi,46,18,214,1
22,Anil Shirole,Maharashtra,Pune,Bharatiya Janata Party,94,23,39,1
23,Anirudhan Sampath,Kerala,Attingal,Communist Party of India (Marxist),77,56,156,17
24,Anju Bala,Uttar Pradesh,Misrikh,Bharatiya Janata Party,98,19,53,1
25,Anoop Mishra,Madhya Pradesh,Morena,Bharatiya Janata Party,45,116,112,1
26,Anshul Verma,Uttar Pradesh,Hardoi,Bharatiya Janata Party,93,65,312,1
27,Anto Antony,Kerala,Pathanamthitta,Indian National Congress,79,131,260,2
28,Anupam Hazra,West Bengal,Bolpur,All India Trinamool Congress,87,2,276,1
29,Anupriya Singh Patel,Uttar Pradesh,Mirzapur,Apna Dal,90,104,282,1
30,Anurag Singh Thakur,Himachal Pradesh,Hamirpur,Bharatiya Janata Party,90,120,191,17
31,Aparupa Poddar (Afrin Ali),West Bengal,Arambagh,All India Trinamool Congress,80,128,274,1
32,Arjun Charan Sethi,Odisha,Bhadrak,Biju Janata Dal,81,2,147,1
33,Arjun Ram Meghwal,Rajasthan,Bikaner,Bharatiya Janata Party,98,149,154,9
34,Arjunlal Meena,Rajasthan,Udaipur,Bharatiya Janata Party,86,133,138,1
35,Arka Keshari Deo,Odisha,Kalahandi,Biju Janata Dal,87,74,12,1
36,Arpita Ghosh,West Bengal,Balurghat,All India Trinamool Congress,61,54,104,1
37,Arun Kumar,Bihar,Jahanabad,Rashtriya Lok Samta Party,87,112,263,1
38,Arvind Sawant,Maharashtra,Mumbai-South,Shiv Sena,98,67,198,2
39,Asaduddin Owaisi,Telangana,Hyderabad,All India Majlis-E-Ittehadul Muslimmen,84,111,277,1
40,Ashok Gajapathi Raju Pusapati,Andhra Pradesh,Vizianagaram,Telugu Desam Party,NA,155,315,25
41,Ashok Kumar Doharey,Uttar Pradesh,Etawah,Bharatiya Janata Party,82,78,1,1
42,Ashok Mahadeorao Nete,Maharashtra,Gadchiroli-Chimur,Bharatiya Janata Party,75,75,220,19
43,Ashok Shankarrao Chavan,Maharashtra,Nanded,Indian National Congress,44,146,288,1
44,Ashwini Kumar,Haryana,Karnal,Bharatiya Janata Party,56,125,169,1
45,Ashwini Kumar Choubey,Bihar,Buxar,Bharatiya Janata Party,93,44,35,13
46,Asrarul Haque Mohammad,Bihar,Kishanganj,Indian National Congress,87,28,2,1
47,Azmeera Seetaram Naik,Telangana,Mahabubabad,Telangana Rashtra Samithi,72,66,25,1
48,B. S. Yeddyurappa,Karnataka,Shimoga,Bharatiya Janata Party,69,28,59,1
49,B. Senguttuvan,Tamil Nadu,Vellore,All India Anna Dravida Munnetra Kazhagam,80,91,208,1
50,B. Sreeramulu,Karnataka,Bellary,Bharatiya Janata Party,52,54,246,1
51,B.N. Chandrappa,Karnataka,Chitradurga,Indian National Congress,86,108,151,1
52,B.V. Nayak,Karnataka,Raichur,Indian National Congress,60,3,268,1
53,Babul Supriya Baral (Babul Supriyo),West Bengal,Asansol,Bharatiya Janata Party,45,1,1,1
54,Babulal Chaudhary,Uttar Pradesh,Fatehpur Sikri,Bharatiya Janata Party,95,23,104,1
55,Badaruddoza Khan,West Bengal,Murshidabad,Communist Party of India (Marxist),88,36,151,1
56,Badruddin Ajmal,Assam,Dhubri,All India United Democratic Front,60,119,164,1
57,Bahadur Singh Koli,Rajasthan,Bharatpur,Bharatiya Janata Party,96,37,8,1
58,Baijayant Jay Panda,Odisha,Kendrapara,Biju Janata Dal,82,43,209,14
59,Balabhadra Majhi,Odisha,Nabarangpur,Biju Janata Dal,81,131,49,1
60,Balka Suman,Telangana,Peddapalle,Telangana Rashtra Samithi,52,136,111,13
61,Bandaru Dattatreya,Telangana,Secunderabad,Bharatiya Janata Party,78,78,18,1
62,Banshilal Mahto,Chhattisgarh,Korba,Bharatiya Janata Party,84,86,172,1
63,Begum Tabassum Hasan,Uttar Pradesh,Kairana,Rashtriya Lok Dal,82,2,1,1
64,Bhagat Singh Koshyari,Uttarakhand,Nainital-Udhamsingh Nagar,Bharatiya Janata Party,89,10,3,1
65,Bhagirath Prasad,Madhya Pradesh,Bhind,Bharatiya Janata Party,84,66,280,1
66,Bhagwant Mann,Punjab,Sangrur,Aam Aadmi Party,56,154,238,1
67,Bhagwanth Khuba,Karnataka,Bidar,Bharatiya Janata Party,81,30,140,1
68,Bhairon Prasad Mishra,Uttar Pradesh,Banda,Bharatiya Janata Party,100,48,222,4
69,Bhanu Pratap Singh Verma,Uttar Pradesh,Jalaun,Bharatiya Janata Party,96,6,12,1
70,Bharat Singh,Uttar Pradesh,Ballia,Bharatiya Janata Party,94,106,175,1
71,Bharatendra Singh,Uttar Pradesh,Bijnor,Bharatiya Janata Party,90,50,119,1
72,Bharatiben Dhirubhai Shiyal,Gujarat,Bhavnagar,Bharatiya Janata Party,94,85,38,1
73,Bhartruhari Mahtab,Odisha,Cuttack,Biju Janata Dal,94,63,235,11
74,Bhavana Pundlikrao Gawali Patil,Maharashtra,Yavatmal-Washim,Shiv Sena,75,83,128,1
75,Bheemrao B. Patil,Telangana,Zahirabad,Telangana Rashtra Samithi,79,96,177,1
76,Bhola Singh,Uttar Pradesh,Bulandshahr,Bharatiya Janata Party,98,43,36,24
77,Bhuwan Chandra Khanduri,Uttarakhand,Garhwal,Bharatiya Janata Party,94,18,7,20
78,Bidyut Baran Mahato,Jharkhand,Jamshedpur,Bharatiya Janata Party,93,147,290,13
79,Bijoy Chandra Barman,West Bengal,Jalpaiguri,All India Trinamool Congress,54,53,1,1
80,Bijoya Chakravarty,Assam,Gauhati,Bharatiya Janata Party,69,81,171,1
81,Biren Singh Engti,Assam,Autonomous District,Indian National Congress,81,1,2,2
82,Birendra Kumar Chaudhary,Bihar,Jhanjharpur,Bharatiya Janata Party,97,93,152,1
83,Bishnu Pada Ray,Andaman and Nicobar Islands,Andaman and Nicobar Islands,Bharatiya Janata Party,88,81,314,1
84,Bodhsingh Bhagat,Madhya Pradesh,Balaghat,Bharatiya Janata Party,83,57,312,1
85,Boora Narsaiah Goud,Telangana,Bhongir,Telangana Rashtra Samithi,57,117,75,21
86,Brij Bhushan Sharan Singh,Uttar Pradesh,Kaiserganj,Bharatiya Janata Party,87,116,84,1
87,Butta Renuka,Andhra Pradesh,Kurnool,Yuvajana Sramika Rythu Congress Party,65,104,16,1
88,C. Gopalakrishnan,Tamil Nadu,Nilgiris,All India Anna Dravida Munnetra Kazhagam,73,86,247,1
89,C. L. Ruala,Mizoram,Mizoram,Indian National Congress,91,53,181,1
90,C. Mahendran,Tamil Nadu,Pollachi,All India Anna Dravida Munnetra Kazhagam,84,96,184,1
91,C. R. Patil,Gujarat,Navsari,Bharatiya Janata Party,90,116,126,21
92,C.N. Jayadevan,Kerala,Thrissur,Communist Party of India,82,120,167,1
93,C.R. Choudhary,Rajasthan,Nagaur,Bharatiya Janata Party,97,26,150,1
94,C.S. Puttaraju,Karnataka,Mandya,Janata Dal (Secular),55,2,249,1
95,Chand Nath,Rajasthan,Alwar,Bharatiya Janata Party,47,64,299,1
96,Chandra Prakash Joshi,Rajasthan,Chittorgarh,Bharatiya Janata Party,95,92,246,19
97,Chandrakant Bhaurao Khaire,Maharashtra,Aurangabad,Shiv Sena,72,118,241,3
98,Chandu Lal Sahu,Chhattisgarh,Mahasamund,Bharatiya Janata Party,95,30,73,1
99,Charanjeet Singh Rori,Haryana,Sirsa,Indian National Lok Dal,87,146,286,1
100,Chauhan Devusinh Jesingbhai,Gujarat,Kheda,Bharatiya Janata Party,82,57,116,1
101,Chavda Vinod Lakhamashi,Gujarat,Kachchh,Bharatiya Janata Party,83,125,78,1
102,Chhedi Paswan,Bihar,Sasaram,Bharatiya Janata Party,94,100,242,1
103,Chhotelal,Uttar Pradesh,Robertsganj,Bharatiya Janata Party,87,57,159,1
104,Chintaman Navasha Wanga,Maharashtra,Palghar,Bharatiya Janata Party,98,83,113,1
105,Chintamani Malviya,Madhya Pradesh,Ujjain,Bharatiya Janata Party,76,74,59,1
106,Chirag Kumar Paswan,Bihar,Jamui,Lok Jan Shakti Party,94,37,295,1
107,Choudhury Mohan Jatua,West Bengal,Mathurapur,All India Trinamool Congress,75,1,1,1
108,Chudasama Rajeshbhai Naranbhai,Gujarat,Junagadh,Bharatiya Janata Party,73,105,216,1
109,Conrad Kongkal Sangma,Meghalaya,Tura,National Peoples Party,50,105,40,1
110,D.K. Suresh,Karnataka,Bangalore Rural,Indian National Congress,86,143,248,1
111,D.V. Sadananda Gowda,Karnataka,Bangalore North,Bharatiya Janata Party,NA,155,315,25
112,Daddan Mishra,Uttar Pradesh,Shrawasti,Bharatiya Janata Party,93,4,159,2
113,Dalpat Singh Paraste,Madhya Pradesh,Shahdol,Bharatiya Janata Party,90,95,88,1
114,Darshana Vikram Jardosh,Gujarat,Surat,Bharatiya Janata Party,94,124,156,22
115,Dasrath Tirkey,West Bengal,Alipurduars,All India Trinamool Congress,67,95,1,1
116,Dayakar Pasunoori,Telangana,Warangal,Telangana Rashtra Samithi,52,1,224,2
117,Deepender Singh Hooda,Haryana,Rohtak,Indian National Congress,80,107,312,17
118,Devendra Singh @ Bhole Singh,Uttar Pradesh,Akbarpur,Bharatiya Janata Party,91,119,14,1
119,Devji Patel,Rajasthan,Jalore,Bharatiya Janata Party,82,51,237,24
120,Dhananjay Bhimrao Mahadik,Maharashtra,Kolhapur,Nationalist Congress Party,74,114,5,2
121,Dharam Vira Gandhi,Punjab,Patiala,Aam Aadmi Party,57,114,34,20
122,Dharambir,Haryana,Bhiwani-Mahendragarh,Bharatiya Janata Party,94,18,65,1
123,Dharmendra Kumar,Uttar Pradesh,Aonla,Bharatiya Janata Party,94,136,2,1
124,Dharmendra Yadav,Uttar Pradesh,Badaun,Samajwadi Party,82,107,300,1
125,Dhruva Narayana Rangaswamy,Karnataka,Chamrajanagar,Indian National Congress,82,6,261,13
126,Dibyendu Adhikari,West Bengal,Tamluk,All India Trinamool Congress,48,1,297,1
127,Dileepsingh Bhuria,Madhya Pradesh,Ratlam,Bharatiya Janata Party,94,53,304,1
128,Dilip Kumar Mansukhlal Gandhi,Maharashtra,Ahmednagar,Bharatiya Janata Party,67,90,145,13
129,Dilip Patel,Gujarat,Anand,Bharatiya Janata Party,68,1,92,1
130,Dimple Yadav,Uttar Pradesh,Kannauj,Samajwadi Party,31,53,1,1
131,Dinesh Kashyap,Chhattisgarh,Bastar,Bharatiya Janata Party,76,116,281,1
132,Dinesh Trivedi,West Bengal,Barrackpur,All India Trinamool Congress,81,57,80,1
133,Dr Bhola Singh,Bihar,Begusarai,Bharatiya Janata Party,85,102,110,1
134,Dushyant Chautala,Haryana,Hisar,Indian National Lok Dal,84,61,269,11
135,Dushyant Singh,Rajasthan,Jhalawar-Baran,Bharatiya Janata Party,74,85,103,1
136,E. Ahamed,Kerala,Malappuram,Indian Union Muslim League,64,28,236,1
137,E. T. Mohammed Basheer,Kerala,Ponnani,Indian Union Muslim League,80,141,124,19
138,Faggan Singh Kulaste,Madhya Pradesh,Mandla,Bharatiya Janata Party,88,40,4,2
139,Farooq Abdullah,Jammu and Kashmir,Srinagar,Jammu and Kashmir National Conference,68,2,258,1
140,Fatepara Devajibhai Govindbhai,Gujarat,Surendranagar,Bharatiya Janata Party,86,53,67,1
141,Feroze Varun Gandhi,Uttar Pradesh,Sultanpur,Bharatiya Janata Party,76,37,178,24
142,G. Hari,Tamil Nadu,Arakkonam,All India Anna Dravida Munnetra Kazhagam,88,108,219,1
143,Gajanan Chandrakant Kirtikar,Maharashtra,Mumbai-North-West,Shiv Sena,78,123,305,19
144,Gajendrasingh Shekhawat,Rajasthan,Jodhpur,Bharatiya Janata Party,91,84,144,13
145,Ganesh Singh,Madhya Pradesh,Satna,Bharatiya Janata Party,86,24,163,1
146,George Baker,,,Bharatiya Janata Party,97,83,71,1
147,Giriraj Singh,Bihar,Nawada,Bharatiya Janata Party,85,1,224,1
148,Godam Nagesh,Telangana,Adilabad,Telangana Rashtra Samithi,84,95,302,1
149,Godse Hemant Tukaram,Maharashtra,Nashik,Shiv Sena,88,81,187,1
150,Gokaraju Ganga Raju,Andhra Pradesh,Narsapuram,Bharatiya Janata Party,82,53,88,1
151,Gopal Chinayya Shetty,Maharashtra,Mumbai-North,Bharatiya Janata Party,100,5,192,15
152,Gourav Gogoi,Assam,Kaliabor,Indian National Congress,79,138,112,17
153,Gowdar Mallikarjunappa Siddeswara,Karnataka,Davanagere,Bharatiya Janata Party,58,53,68,1
154,Gurjeet Singh Aujla,Punjab,Amritsar,Indian National Congress,89,3,77,1
155,Gyan Singh,Madhya Pradesh,Shahdol,Bharatiya Janata Party,49,1,2,1
156,H.D. Devegowda,Karnataka,Hassan,Janata Dal (Secular),53,37,1,1
157,Hansraj Gangaram Ahir,Maharashtra,Chandrapur,Bharatiya Janata Party,91,3,15,19
158,Hari Manjhi,Bihar,Gaya,Bharatiya Janata Party,97,40,90,1
159,Hari Om Pandey,Uttar Pradesh,Ambedkar Nagar,Bharatiya Janata Party,92,53,64,1
160,Haribansh Singh,Uttar Pradesh,Pratapgarh,Apna Dal,91,74,303,1
161,Haribhai Parthibhai Chaudhary,Gujarat,Banaskantha,Bharatiya Janata Party,97,125,18,1
162,Harinarayan Rajbhar,Uttar Pradesh,Ghosi,Bharatiya Janata Party,96,75,33,2
163,Harinder Singh Khalsa,Punjab,Fatehgarh Sahib,Aam Aadmi Party,78,2,201,1
164,Hariom Singh Rathore,Rajasthan,Rajsamand,Bharatiya Janata Party,81,113,80,1
165,Harish Chandra Alias Harish Dwivedi,Uttar Pradesh,Basti,Bharatiya Janata Party,86,85,122,1
166,Harish Chandra Meena,Rajasthan,Dausa,Bharatiya Janata Party,99,144,130,2
167,Harishchandra Deoram Chavan,Maharashtra,Dindori,Bharatiya Janata Party,86,83,252,1
168,Harsh Vardhan,Delhi,Chandni Chowk,Bharatiya Janata Party,NA,155,315,25
169,Harsimrat Kaur Badal,Punjab,Bathinda,Shiromani Akali Dal,NA,155,315,25
170,Heena Vaijaykumar Gavit,Maharashtra,Nandurbar,Bharatiya Janata Party,82,110,307,1
171,Hema Malini,Uttar Pradesh,Mathura,Bharatiya Janata Party,40,40,73,1
172,Hemendra Chandra Singh,Odisha,Kandhamal,Biju Janata Dal,97,1,1,1
173,Hukamdeo Narayan Yadav,Bihar,Madhubani,Bharatiya Janata Party,97,90,141,1
174,Hukum Singh,Uttar Pradesh,Kairana,Bharatiya Janata Party,95,112,72,1
175,Idris Ali,West Bengal,Basirhat,All India Trinamool Congress,67,54,48,1
176,Inderjit Singh Rao,Haryana,Gurgaon,Bharatiya Janata Party,NA,155,315,25
177,Innocent,Kerala,Chalakudy,Independent,68,87,81,1
178,J. Jayavardhan,Tamil Nadu,Chennai South,All India Anna Dravida Munnetra Kazhagam,85,114,279,1
179,J. Jeyasingh Thiyagaraj Natterjee,Tamil Nadu,Thoothukkudi,All India Anna Dravida Munnetra Kazhagam,82,57,106,1
180,J.C. Divakar Reddi,Andhra Pradesh,Anantapur,Telugu Desam Party,75,95,146,2
181,Jadhav Prataprao Ganpatrao,Maharashtra,Buldhana,Shiv Sena,72,106,215,1
182,Jagdambika Pal,Uttar Pradesh,Domariyaganj,Bharatiya Janata Party,93,46,154,7
183,Jai Prakash Narayan Yadav,Bihar,Banka,Rashtriya Janata Dal,87,45,32,13
184,Janak Ram,Bihar,Gopalganj,Bharatiya Janata Party,97,54,30,1
185,Janardan Mishra,Madhya Pradesh,Rewa,Bharatiya Janata Party,92,86,24,1
186,Janardan Singh Sigriwal,Bihar,Maharajganj,Bharatiya Janata Party,96,127,172,3
187,Jasvantsinh Sumanbhai Bhabhor,Gujarat,Dahod,Bharatiya Janata Party,90,10,28,1
188,Jayadev Galla,Andhra Pradesh,Guntur,Telugu Desam Party,85,9,208,21
189,Jayant Sinha,Jharkhand,Hazaribagh,Bharatiya Janata Party,97,53,302,1
190,Jayshreeben Kanubhai Patel,Gujarat,Mehesana,Bharatiya Janata Party,98,21,170,21
191,Jhina Hikaka,Odisha,Koraput,Biju Janata Dal,68,125,23,1
192,Jitendra Choudhury,Tripura,Tripura East,Communist Party of India (Marxist),82,11,117,1
193,Jitendra Singh,Jammu and Kashmir,Udhampur,Bharatiya Janata Party,NA,155,315,25
194,Joice George,Kerala,Idukki,Independent,87,72,220,17
195,Jose K. Mani,Kerala,Kottayam,Kerala Congress (M),77,9,169,1
196,Jual @ Juel Oram,Odisha,Sundargarh,Bharatiya Janata Party,NA,155,315,25
197,Jugal Kishore,Jammu and Kashmir,Jammu,Bharatiya Janata Party,90,140,99,1
198,Jyoti Dhurve,Madhya Pradesh,Betul,Bharatiya Janata Party,84,117,86,1
199,Jyotiraditya Madhavrao Scindia,Madhya Pradesh,Guna,Indian National Congress,79,103,289,2
200,K. Ashok Kumar,Tamil Nadu,Krisnagiri,All India Anna Dravida Munnetra Kazhagam,88,142,173,1
201,K. C. Venugopal,Kerala,Alappuzha,Indian National Congress,83,22,151,1
202,K. Gopal,Tamil Nadu,Nagapattinam,All India Anna Dravida Munnetra Kazhagam,80,87,121,1
203,K. Kamaraj,Tamil Nadu,Kallakurichi,All India Anna Dravida Munnetra Kazhagam,87,107,76,1
204,K. Maragatham,Tamil Nadu,Kancheepuram,All India Anna Dravida Munnetra Kazhagam,83,97,217,1
205,K. Parasuraman,Tamil Nadu,Thanjavur,All India Anna Dravida Munnetra Kazhagam,71,134,237,1
206,K.C. Patel,Gujarat,Valsad,Bharatiya Janata Party,81,2,1,1
207,K.H. Muniyappa,Karnataka,Kolar,Indian National Congress,77,64,1,1
208,K.N. Ramachandran,Tamil Nadu,Sriperumbudur,All India Anna Dravida Munnetra Kazhagam,73,68,193,1
209,K.R.P. Prabakaran,Tamil Nadu,Tirunelveli,All India Anna Dravida Munnetra Kazhagam,81,23,13,1
210,K.V. Thomas,Kerala,Ernakulam,Indian National Congress,74,93,107,1
211,Kadiyam Srihari,Telangana,Warangal,Telangana Rashtra Samithi,48,105,1,1
212,Kakoli Ghosh Dastidar,West Bengal,Barasat,All India Trinamool Congress,59,30,3,2
213,Kalikesh Narayan Singh Deo,Odisha,Bolangir,Biju Janata Dal,78,43,185,17
214,Kalraj Mishra,Uttar Pradesh,Deoria,Bharatiya Janata Party,92,1,1,1
215,Kalvakuntla Kavitha,Telangana,Nizamabad,Telangana Rashtra Samithi,58,97,117,2
216,Kalyan Banerjee,West Bengal,Serampore,All India Trinamool Congress,74,108,283,1
217,Kamakhya Prasad Tasa,Assam,Jorhat,Bharatiya Janata Party,74,97,4,1
218,Kamal Nath,Madhya Pradesh,Chhindwara,Indian National Congress,63,1,101,1
219,Kamalbhan Singh Marabi,Chhattisgarh,Surguja,Bharatiya Janata Party,73,136,114,1
220,Kambhampati Hari Babu,Andhra Pradesh,Visakhapatnam,Bharatiya Janata Party,97,18,123,1
221,Kamla Devi Patle,Chhattisgarh,Janjgir-Champa,Bharatiya Janata Party,81,85,251,1
222,Kamlesh Paswan,Uttar Pradesh,Bansgaon,Bharatiya Janata Party,73,23,182,1
223,Kantilal Bhuria,Madhya Pradesh,Ratlam,Indian National Congress,72,146,108,1
224,Kanwar Singh Tanwar,Uttar Pradesh,Amroha,Bharatiya Janata Party,89,62,153,1
225,Kapil Krishna Thakur,West Bengal,Bongaon,All India Trinamool Congress,48,1,1,1
226,Kapil Moreshwar Patil,Maharashtra,Bhiwandi,Bharatiya Janata Party,93,107,197,1
227,Karadi Sanganna Amarappa,Karnataka,Koppal,Bharatiya Janata Party,81,86,32,1
228,Karan Singh Yadav,Rajasthan,Alwar,Indian National Congress,95,3,18,1
229,Kariya Munda,Jharkhand,Khunti,Bharatiya Janata Party,96,53,1,1
230,Kaushal Kishore,Uttar Pradesh,Mohanlalganj,Bharatiya Janata Party,91,87,56,1
231,Kaushalendra Kumar,Bihar,Nalanda,Janata Dal (United),96,59,168,1
232,Keshav Prasad Maurya,Uttar Pradesh,Phulpur,Bharatiya Janata Party,70,21,38,1
233,Kesineni Srinivas,Andhra Pradesh,Vijayawada,Telugu Desam Party,83,70,125,13
234,Kiren Rijiju,Arunachal Pradesh,Arunachal West,Bharatiya Janata Party,NA,155,315,25
235,Kirit Premjibhai Solanki,Gujarat,Ahmedabad West,Bharatiya Janata Party,97,82,164,16
236,Kirit Somaiya,Maharashtra,Mumbai-North-East,Bharatiya Janata Party,97,13,195,13
237,Kirron Anupam Kher,Chandigarh,Chandigarh,Bharatiya Janata Party,85,91,125,2
238,Kirti (Jha) Azad,Bihar,Darbhanga,Bharatiya Janata Party,95,70,194,19
239,Kirti Vardhan Singh,Uttar Pradesh,Gonda,Bharatiya Janata Party,77,10,15,1
240,Konakalla Narayana Rao,Andhra Pradesh,Machilipatnam,Telugu Desam Party,83,53,41,1
241,Konda Vishweshwar Reddy,Telangana,Chelvella,Telangana Rashtra Samithi,96,119,75,2
242,Kotha Prabhakar Reddy,Telangana,Medak,Telangana Rashtra Samithi,57,54,158,1
243,Kothapalli Geetha,Andhra Pradesh,Araku,Yuvajana Sramika Rythu Congress Party,97,144,257,1
244,Krishan Pal,Haryana,Faridabad,Bharatiya Janata Party,NA,155,315,25
245,Krishna Pratap K.P.,Uttar Pradesh,Jaunpur,Bharatiya Janata Party,93,105,309,1
246,Krishna Raj,Uttar Pradesh,Shahjahanpur,Bharatiya Janata Party,96,106,278,1
247,Kristappa Nimmala,Andhra Pradesh,Hindupur,Telugu Desam Party,88,30,60,1
248,Krupal Balaji Tumane,Maharashtra,Ramtek,Shiv Sena,86,97,200,1
249,Kulamani Samal,Odisha,Jagatsinghpur,Biju Janata Dal,100,42,17,1
250,Kunwer Sarvesh Kumar,Uttar Pradesh,Moradabad,Bharatiya Janata Party,81,1,9,1
251,Ladu Kishore Swain,Odisha,Aska,Biju Janata Dal,93,30,236,1
252,Lakhan Lal Sahu,Chhattisgarh,Bilaspur,Bharatiya Janata Party,88,137,63,1
253,Lal Krishna Advani,Gujarat,Gandhinagar,Bharatiya Janata Party,92,2,1,1
254,Lallu Singh,Uttar Pradesh,Faizabad,Bharatiya Janata Party,93,57,98,1
255,Lalubhai Babubhai Patel,Daman and Diu,Daman and Diu,Bharatiya Janata Party,75,105,77,1
256,Laxman Giluwa,Jharkhand,Singhbhum,Bharatiya Janata Party,92,68,210,1
257,Laxmi Narayan Yadav,Madhya Pradesh,Sagar,Bharatiya Janata Party,94,97,146,1
258,Liladharbhai Khodaji Vaghela,Gujarat,Patan,Bharatiya Janata Party,77,1,11,1
259,M. B. Rajesh,Kerala,Palakkad,Communist Party of India (Marxist),84,60,231,1
260,M. Chandrakasi,Tamil Nadu,Chidambaram,All India Anna Dravida Munnetra Kazhagam,78,57,118,1
261,M. I. Shanavas,Kerala,Wayanad,Indian National Congress,68,101,89,1
262,M. K. Raghavan,Kerala,Kozhikode,Indian National Congress,76,123,145,8
263,M. Udhaya Kumar,Tamil Nadu,Dindigul,All India Anna Dravida Munnetra Kazhagam,84,104,204,1
264,M. Vasanthi,Tamil Nadu,Tenkasi,All India Anna Dravida Munnetra Kazhagam,76,57,94,1
265,M. Veerappa Moily,Karnataka,Chikkballapur,Indian National Congress,89,57,3,1
266,Madhukrao Yashwantrao Kukade,Maharashtra,Bhandara-Gondiya,Nationalist Congress Party,91,78,1,1
267,Maganti Venkateswara Rao (Babu),Andhra Pradesh,Eluru,Telugu Desam Party,81,1,221,1
268,Mahboob Ali Kaiser,Bihar,Khagaria,Lok Jan Shakti Party,88,53,181,1
269,Maheish Girri,Delhi,East Delhi,Bharatiya Janata Party,94,99,187,11
270,Mahendra Nath Pandey,Uttar Pradesh,Chandauli,Bharatiya Janata Party,86,106,259,2
271,Mahesh Sharma,Uttar Pradesh,Gautam Buddha Nagar,Bharatiya Janata Party,97,2,1,1
272,Mala Rajya Laxmi Shah,Uttarakhand,Tehri Garhwal,Bharatiya Janata Party,89,79,152,1
273,Malla Reddy,Telangana,Malkajgiri,Telugu Desam Party,80,57,193,1
274,Mallikarjun Kharge,Karnataka,Gulbarga,Indian National Congress,90,27,129,1
275,Malyadri Sriram,Andhra Pradesh,Bapatla,Telugu Desam Party,91,78,53,1
276,Mamata Thakur,West Bengal,Bongaon,All India Trinamool Congress,72,116,1,1
277,Mamtaz Sanghamita,West Bengal,Bardhaman-Durgapur,All India Trinamool Congress,86,122,218,1
278,Maneka Gandhi,Uttar Pradesh,Pilibhit,Bharatiya Janata Party,NA,155,315,25
279,Manohar Untwal,Madhya Pradesh,Dewas,Bharatiya Janata Party,59,2,232,1
280,Manoj Rajoria,Rajasthan,Karauli-Dholpur,Bharatiya Janata Party,93,69,178,5
281,Manoj Sinha,Uttar Pradesh,Ghazipur,Bharatiya Janata Party,NA,155,315,25
282,Manoj Tiwari,Delhi,North East Delhi,Bharatiya Janata Party,79,146,94,1
283,Manshankar Ninama,Rajasthan,Banswara,Bharatiya Janata Party,80,37,109,1
284,Mansukhbhai D. Vasava,Gujarat,Bharuch,Bharatiya Janata Party,87,66,85,1
285,Mausam Noor,West Bengal,Maldaha Uttar,Indian National Congress,48,146,81,1
286,Md. Salim,West Bengal,Raiganj,Communist Party of India (Marxist),84,129,293,1
287,Meenakashi Lekhi,Delhi,New Delhi,Bharatiya Janata Party,95,8,177,8
288,Mehbooba Mufti,Jammu and Kashmir,Anantnag,Jammu and Kashmir Peoples Democratic Party,35,146,108,1
289,Mekapati Rajamohan Reddy,Andhra Pradesh,Nellore,Yuvajana Sramika Rythu Congress Party,91,114,142,1
290,Mohanbhai Kalyanjibhai Kundariya,Gujarat,Rajkot,Bharatiya Janata Party,97,37,67,1
291,Mriganka Mahato,West Bengal,Purulia,All India Trinamool Congress,72,105,292,1
292,Mukesh Rajput,Uttar Pradesh,Farrukhabad,Bharatiya Janata Party,91,97,120,1
293,Mulayam Singh Yadav,Uttar Pradesh,Azamgarh,Samajwadi Party,81,97,1,1
294,Munisamy Thambidurai,Tamil Nadu,Karur,All India Anna Dravida Munnetra Kazhagam,58,75,23,1
295,Murali Mohan Maganti,Andhra Pradesh,Rajahmundry,Telugu Desam Party,85,108,97,2
296,Murli Manohar Joshi,Uttar Pradesh,Kanpur,Bharatiya Janata Party,90,1,69,1
297,Muttamsetti Srinivasa Rao (Avanthi),Andhra Pradesh,Anakapalli,Telugu Desam Party,83,128,150,1
298,Muzaffar Hussain Baig,Jammu and Kashmir,Baramulla,Jammu and Kashmir Peoples Democratic Party,11,53,62,1
299,N.K.Premachandran,Kerala,Kollam,Revolutionary Socialist Party,88,71,202,19
300,Naba Kumar Sarania (Hira),Assam,Kokrajhar,Independent,78,43,274,1
301,Nagendra Kumar Pradhan,Odisha,Sambalpur,Biju Janata Dal,93,103,239,2
302,Nagendra Pratap Singh Patel,Uttar Pradesh,Phulpur,Samajwadi Party,92,2,1,1
303,Nagendra Singh,Madhya Pradesh,Khajuraho,Bharatiya Janata Party,83,125,1,1
304,Nalin Kumar Kateel,Karnataka,Dakshina Kannada,Bharatiya Janata Party,92,99,264,1
305,Nanabhau Falgunrao Patole,Maharashtra,Bhandara-Gondiya,Bharatiya Janata Party,93,145,160,2
306,Nandkumar Singh Chouhan (Nandu Bhaiya),Madhya Pradesh,Khandwa,Bharatiya Janata Party,52,105,258,1
307,Naramalli Sivaprasad,Andhra Pradesh,Chittoor,Telugu Desam Party,44,1,250,1
308,Naranbhai Kachhadia,Gujarat,Amreli,Bharatiya Janata Party,92,19,275,2
309,Narendra Keshav Sawaikar,Goa,South Goa,Bharatiya Janata Party,88,43,173,2
310,Narendra Modi,Uttar Pradesh,Varanasi,Bharatiya Janata Party,NA,155,315,25
311,Narendra Singh Tomar,Madhya Pradesh,Gwalior,Bharatiya Janata Party,NA,155,315,25
312,Natubhai Gomanbhai Patel,Dadra and Nagar Haveli,Dadra and Nagar Haveli,Bharatiya Janata Party,66,1,293,1
313,Neelam Sonkar,Uttar Pradesh,Lalganj,Bharatiya Janata Party,94,104,155,1
314,Neiphiu Rio,Nagaland,Nagaland,Nagaland Peoples Front,58,28,70,1
315,Nepal Singh,Uttar Pradesh,Rampur,Bharatiya Janata Party,89,54,171,1
316,Nihalchand,Rajasthan,Ganganagar,Bharatiya Janata Party,89,65,19,1
317,Ninong Ering,Arunachal Pradesh,Arunachal East,Indian National Congress,71,106,126,20
318,Niranjan Jyoti,Uttar Pradesh,Fatehpur,Bharatiya Janata Party,100,43,2,1
319,Nishikant Dubey,Jharkhand,Godda,Bharatiya Janata Party,98,77,262,18
320,Nitin Jairam Gadkari,Maharashtra,Nagpur,Bharatiya Janata Party,NA,155,315,25
321,Nityanand Rai,Bihar,Ujiarpur,Bharatiya Janata Party,68,125,29,1
322,Om Birla,Rajasthan,Kota,Bharatiya Janata Party,87,33,266,20
323,Om Prakash Yadav,Bihar,Siwan,Bharatiya Janata Party,85,85,165,14
324,P. C. Mohan,Karnataka,Bangalore Central,Bharatiya Janata Party,82,57,124,1
325,P. K. Biju,Kerala,Alathur,Communist Party of India (Marxist),89,76,233,1
326,P. Karunakaran,Kerala,Kasaragod,Communist Party of India (Marxist),79,47,130,6
327,P. Kumar,Tamil Nadu,Tiruchirappalli,All India Anna Dravida Munnetra Kazhagam,79,93,208,1
328,P. Nagarajan,Tamil Nadu,Coimbatore,All India Anna Dravida Munnetra Kazhagam,79,68,239,1
329,P. Radhakrishnan,Tamil Nadu,Kanniyakumari,Bharatiya Janata Party,NA,155,315,25
330,P. Venugopal,Tamil Nadu,Tiruvallur,All India Anna Dravida Munnetra Kazhagam,86,120,256,1
331,P.C. Gaddigoudar,Karnataka,Bagalkot,Bharatiya Janata Party,86,136,306,1
332,P.K. Kunhalikutty,Kerala,Malappuram,Indian Union Muslim League,46,105,214,1
333,P.K. Sreemathi Teacher,Kerala,Kannur,Communist Party of India (Marxist),77,32,211,1
334,P.P. Chaudhary,Rajasthan,Pali,Bharatiya Janata Party,98,89,179,11
335,P.P. Mohammed Faizal,Lakshadweep,Lakshadweep,Nationalist Congress Party,81,102,156,1
336,P.R. Senthilnathan,Tamil Nadu,Sivaganga,All India Anna Dravida Munnetra Kazhagam,69,98,211,1
337,P.R. Sundaram,Tamil Nadu,Namakkal,All India Anna Dravida Munnetra Kazhagam,84,149,271,1
338,P.V. Midhun Reddy,Andhra Pradesh,Rajampet,Yuvajana Sramika Rythu Congress Party,53,50,50,1
339,Pandula Ravindra Babu,Andhra Pradesh,Amalapuram,Telugu Desam Party,96,120,28,2
340,Pankaj Chowdhary,Uttar Pradesh,Maharajganj,Bharatiya Janata Party,82,74,139,13
341,Paresh Rawal,Gujarat,Ahmedabad East,Bharatiya Janata Party,66,125,57,1
342,Partha Pratim Ray,West Bengal,Cooch Behar,All India Trinamool Congress,77,105,114,1
343,Parvesh Sahib Singh Verma,Delhi,West Delhi,Bharatiya Janata Party,97,40,37,17
344,Pashupati Nath Singh,Jharkhand,Dhanbad,Bharatiya Janata Party,92,99,44,1
345,Pinaki Misra,Odisha,Puri,Biju Janata Dal,84,10,131,1
346,Ponguleti Srinivasa Reddy,Telangana,Khammam,Yuvajana Sramika Rythu Congress Party,66,83,173,1
347,Poonam Mahajan Alias Poonam Vajendla Rao,Maharashtra,Mumbai-North-Central,Bharatiya Janata Party,80,79,179,20
348,Poonamben Hematbhai Maadam,Gujarat,Jamnagar,Bharatiya Janata Party,83,81,136,1
349,Prabhas Kumar Singh,Odisha,Bargarh,Biju Janata Dal,87,108,21,1
350,Prabhatsinh Pratapsinh Chauhan,Gujarat,Panchmahal,Bharatiya Janata Party,91,78,302,1
351,Pradan Baruah,Assam,Lakhimpur,Bharatiya Janata Party,65,1,2,1
352,Prahlad Singh Patel,Madhya Pradesh,Damoh,Bharatiya Janata Party,95,31,187,21
353,Prakash Babanna Hukkeri,Karnataka,Chikkodi,Indian National Congress,33,10,132,1
354,Pralhad Venkatesh Joshi,Karnataka,Dharwad,Bharatiya Janata Party,85,135,188,20
355,Prasanna Kumar Patasani,Odisha,Bhubaneswar,Biju Janata Dal,76,93,258,1
356,Prasun Banerjee,West Bengal,Howrah,All India Trinamool Congress,75,2,225,1
357,Prathap Simha,Karnataka,Mysore,Bharatiya Janata Party,88,23,265,1
358,Pratima Mondal,West Bengal,Jaynagar,All India Trinamool Congress,72,117,166,1
359,Pratyusha Rajeshwari Singh,Odisha,Kandhamal,Biju Janata Dal,88,37,37,1
360,Pravin Kumar Nishad,Uttar Pradesh,Gorakhpur,Samajwadi Party,54,2,1,1
361,Prem Das Rai,Sikkim,Sikkim,Sikkim Democratic Front,81,124,172,17
362,Prem Singh Chandumajra,Punjab,Anandpur Sahib,Shiromani Akali Dal,85,39,172,1
363,Pritam Gopinath Munde,Maharashtra,Beed,Bharatiya Janata Party,56,81,151,1
364,Priyanka Singh Rawat,Uttar Pradesh,Barabanki,Bharatiya Janata Party,84,86,1,1
365,Purno Agitok Sangma,Meghalaya,Tura,National Peoples Party,75,95,132,1
366,Pushpendra Singh Chandel,Uttar Pradesh,Hamirpur,Bharatiya Janata Party,98,41,186,8
367,R. Gopalakrishnan,Tamil Nadu,Madurai,All India Anna Dravida Munnetra Kazhagam,80,65,180,1
368,R. Parthipan,Tamil Nadu,Theni,All India Anna Dravida Munnetra Kazhagam,80,62,135,1
369,R. Radhakrishnan,Puducherry,Puducherry,All India N.R. Congress,60,146,11,1
370,R. Vanaroja,Tamil Nadu,Tiruvannamalai,All India Anna Dravida Munnetra Kazhagam,78,103,161,1
371,R.K. Bharathi Mohan,Tamil Nadu,Mayiladuthurai,All India Anna Dravida Munnetra Kazhagam,84,106,111,1
372,R.P. Marutharajaa,Tamil Nadu,Perambalur,All India Anna Dravida Munnetra Kazhagam,70,37,88,1
373,Rabindra Kumar Jena,Odisha,Balasore,Biju Janata Dal,96,80,213,5
374,Radha Mohan Singh,Bihar,Purvi Champaran,Bharatiya Janata Party,NA,155,315,25
375,Radheshyam Biswas,Assam,Karimganj,All India United Democratic Front,90,120,74,1
376,Raghav Lakhanpal,Uttar Pradesh,Saharanpur,Bharatiya Janata Party,88,108,153,20
377,Raghu Sharma,Rajasthan,Ajmer,Indian National Congress,95,116,34,1
378,Rahul Gandhi,Uttar Pradesh,Amethi,Indian National Congress,52,18,1,1
379,Rahul Kaswan,Rajasthan,Churu,Bharatiya Janata Party,97,15,195,1
380,Rahul Ramesh Shewale,Maharashtra,Mumbai-South-Central,Shiv Sena,94,49,284,23
381,Raj Kumar Saini,Haryana,Kurukshetra,Bharatiya Janata Party,86,64,225,1
382,Raj Kumar Singh,Bihar,Arrah,Bharatiya Janata Party,97,43,214,1
383,Rajan Baburao Vichare,Maharashtra,Thane,Shiv Sena,77,103,208,1
384,Rajeev Shankarrao Satav,Maharashtra,Hingoli,Indian National Congress,81,52,310,8
385,Rajen Gohain,Assam,Nawgong,Bharatiya Janata Party,68,136,93,1
386,Rajendra Agrawal,Uttar Pradesh,Meerut,Bharatiya Janata Party,98,38,115,20
387,Rajendra Dhedya Gavit,Maharashtra,Palghar,Bharatiya Janata Party,73,1,1,1
388,Rajesh Kumar Diwaker,Uttar Pradesh,Hathras,Bharatiya Janata Party,99,116,95,1
389,Rajesh Pandey Urf Guddu,Uttar Pradesh,Khushi Nagar,Bharatiya Janata Party,93,146,304,13
390,Rajesh Ranjan @ Pappu Yadav,Bihar,Madhepura,Rashtriya Janata Dal,75,58,134,12
391,Rajesh Verma,Uttar Pradesh,Sitapur,Bharatiya Janata Party,86,30,91,1
392,Rajiv Pratap Rudy,Bihar,Saran,Bharatiya Janata Party,87,23,312,21
393,Rajnath Singh,Uttar Pradesh,Lucknow,Bharatiya Janata Party,NA,155,315,25
394,Raju Shetti,Maharashtra,Hatkanangle,Swabhimani Paksha,78,107,186,17
395,Rajveer Singh (Raju Bhaiya),Uttar Pradesh,Etah,Bharatiya Janata Party,81,28,70,1
396,Rajyavardhan Singh Rathore,Rajasthan,Jaipur Rural,Bharatiya Janata Party,94,2,258,1
397,Rakesh Singh,Madhya Pradesh,Jabalpur,Bharatiya Janata Party,94,91,100,22
398,Raksha Nikhil Khadase,Maharashtra,Raver,Bharatiya Janata Party,76,106,203,1
399,Ram Chandra Paswan,Bihar,Samastipur,Lok Jan Shakti Party,80,53,132,1
400,Ram Charitra Nishad,Uttar Pradesh,Machhlishahr,Bharatiya Janata Party,97,62,229,1
401,Ram Kripal Yadav,Bihar,Pataliputra,Bharatiya Janata Party,91,50,2,1
402,Ram Kumar Sharma,Bihar,Sitamarhi,Rashtriya Lok Samta Party,92,65,43,1
403,Ram Prasad Sarmah,Assam,Tezpur,Bharatiya Janata Party,81,110,20,1
404,Ram Shankar Katheria,Uttar Pradesh,Agra,Bharatiya Janata Party,74,3,127,1
405,Ram Swaroop Sharma,Himachal Pradesh,Mandi,Bharatiya Janata Party,85,50,242,1
406,Ram Tahal Choudhary,Jharkhand,Ranchi,Bharatiya Janata Party,96,130,243,1
407,Ram Vilas Paswan,Bihar,Hajipur,Lok Jan Shakti Party,NA,155,315,25
408,Rama Chandra Hansdah,Odisha,Mayurbhanj,Biju Janata Dal,16,116,40,1
409,Rama Devi,Bihar,Sheohar,Bharatiya Janata Party,97,19,230,21
410,Rama Kishore Singh,Bihar,Vaishali,Lok Jan Shakti Party,68,28,66,1
411,Ramachandran Mullappally,Kerala,Vadakara,Indian National Congress,94,34,255,4
412,Ramcharan Bohara,Rajasthan,Jaipur,Bharatiya Janata Party,88,12,126,1
413,Ramdas Chandrabhanji Tadas,Maharashtra,Wardha,Bharatiya Janata Party,81,103,189,1
414,Ramen Deka,Assam,Mangaldoi,Bharatiya Janata Party,87,79,304,1
415,Ramesh Bais,Chhattisgarh,Raipur,Bharatiya Janata Party,89,2,132,1
416,Ramesh Bidhuri,Delhi,South Delhi,Bharatiya Janata Party,94,138,55,19
417,Ramesh Chandappa Jigajinagi,Karnataka,Bijapur,Bharatiya Janata Party,97,1,2,1
418,Ramesh Chander Kaushik,Haryana,Sonipat,Bharatiya Janata Party,100,40,72,2
419,Ramesh Pokhriyal Nishank,Uttarakhand,Hardwar,Bharatiya Janata Party,87,16,160,12
420,Rameswar Teli,Assam,Dibrugarh,Bharatiya Janata Party,93,129,296,1
421,Rammohan Naidu Kinjarapu,Andhra Pradesh,Srikakulam,Telugu Desam Party,94,148,188,2
422,Ramsinhbhai Patalyabhai Rathwa,Gujarat,Chhota Udaipur,Bharatiya Janata Party,89,74,212,1
423,Ranjanben Bhatt,Gujarat,Vadodara,Bharatiya Janata Party,89,74,162,1
424,Ranjeet Ranjan,Bihar,Supaul,Indian National Congress,90,139,101,23
425,Ranjit Singh Brahmpura,Punjab,Khadoor Sahib,Shiromani Akali Dal,67,116,133,1
426,Raosaheb Patil Danve,Maharashtra,Jalna,Bharatiya Janata Party,58,116,4,1
427,Rathod Dipsinh Shankarsinh,Gujarat,Sabarkantha,Bharatiya Janata Party,94,70,126,1
428,Ratna De,West Bengal,Hooghly,All India Trinamool Congress,80,4,121,1
429,Rattan Lal Kataria,Haryana,Ambala,Bharatiya Janata Party,98,13,144,1
430,Ravindra Kumar Pandey,Jharkhand,Giridih,Bharatiya Janata Party,90,31,205,1
431,Ravindra Kumar Ray,Jharkhand,Kodarma,Bharatiya Janata Party,79,113,153,1
432,Ravindra Kushawaha,Uttar Pradesh,Salempur,Bharatiya Janata Party,90,50,294,1
433,Ravindra Vishwanath Gaikwad,Maharashtra,Osmanabad,Shiv Sena,64,83,118,1
434,Ravneet Singh,Punjab,Ludhiana,Indian National Congress,89,106,206,19
435,Rekha Verma,Uttar Pradesh,Dhaurahra,Bharatiya Janata Party,86,104,47,1
436,Renuka Sinha,West Bengal,Cooch Behar,All India Trinamool Congress,57,78,1,1
437,Richard Hay,,,Bharatiya Janata Party,86,118,37,13
438,Rita Tarai,Odisha,Jajpur,Biju Janata Dal,83,23,46,1
439,Riti Pathak,Madhya Pradesh,Sidhi,Bharatiya Janata Party,95,145,123,1
440,Rodmal Nagar,Madhya Pradesh,Rajgarh,Bharatiya Janata Party,95,69,194,1
441,S. Rajendran,Tamil Nadu,Viluppuram,All India Anna Dravida Munnetra Kazhagam,85,37,55,1
442,S. Selvakumara Chinnayan,Tamil Nadu,Erode,All India Anna Dravida Munnetra Kazhagam,75,65,304,1
443,S.P. Muddahanumegowda,Karnataka,Tumkur,Indian National Congress,92,7,245,1
444,S.P.Y. Reddy,Andhra Pradesh,Nandyal,Yuvajana Sramika Rythu Congress Party,14,1,1,1
445,S.R. Vijayakumar,Tamil Nadu,Chennai Central,All India Anna Dravida Munnetra Kazhagam,79,117,287,1
446,S.S. Ahluwalia,West Bengal,Darjeeling,Bharatiya Janata Party,87,79,1,1
447,Sadashiv Kisan Lokhande,Maharashtra,Shirdi,Shiv Sena,72,50,228,20
448,Sadhu Singh,Punjab,Faridkot,Aam Aadmi Party,51,116,242,1
449,Sajda Ahmed,West Bengal,Uluberia,All India Trinamool Congress,68,1,18,1
450,Sakuntala Laguri,Odisha,Keonjhar,Biju Janata Dal,82,3,105,1
451,Sambasiva Rayapati Rao,Andhra Pradesh,Narasaraopet,Telugu Desam Party,39,105,158,1
452,Sandhya Roy,West Bengal,Medinipur,All India Trinamool Congress,50,2,1,1
453,Sanjay (Bandu) Haribhau Jadhav,Maharashtra,Parbhani,Shiv Sena,57,57,107,1
454,Sanjay Jaiswal,Bihar,Paschim Champaran,Bharatiya Janata Party,88,143,143,22
455,Sanjay Shamrao Dhotre,Maharashtra,Akola,Bharatiya Janata Party,84,68,240,1
456,Sanjaykaka Patil,Maharashtra,Sangli,Bharatiya Janata Party,56,18,64,1
457,Sanjeev Kumar Balyan,Uttar Pradesh,Muzaffarnagar,Bharatiya Janata Party,89,78,69,1
458,Sankar Prasad Datta,Tripura,Tripura West,Communist Party of India (Marxist),75,29,110,20
459,Santokh Singh Chaudhary,Punjab,Jalandhar,Indian National Congress,89,68,250,2
460,Santosh Ahlawat,Rajasthan,Jhunjhunu,Bharatiya Janata Party,94,153,253,1
461,Santosh Kumar,Bihar,Purnia,Janata Dal (United),70,65,41,1
462,Santosh Kumar Gangwar,Uttar Pradesh,Bareilly,Bharatiya Janata Party,NA,1,1,1
463,Sanwar Lal Jat,Rajasthan,Ajmer,Bharatiya Janata Party,53,1,132,1
464,Sarbananda Sonowal,Assam,Lakhimpur,Bharatiya Janata Party,NA,1,1,1
465,Sarfaraz Alam,Bihar,Araria,Rashtriya Janata Dal,88,1,132,1
466,Satabdi Roy,West Bengal,Birbhum,All India Trinamool Congress,73,95,69,1
467,Satish Chandra Dubey,Bihar,Valmiki Nagar,Bharatiya Janata Party,89,81,58,1
468,Satish Kumar,Uttar Pradesh,Aligarh,Bharatiya Janata Party,94,18,166,1
469,Satya Pal Singh,Uttar Pradesh,Baghpat,Bharatiya Janata Party,96,4,93,13
470,Satyapal Singh,Uttar Pradesh,Sambhal,Bharatiya Janata Party,97,43,51,1
471,Saugata Roy,West Bengal,Dum Dum,All India Trinamool Congress,90,55,234,20
472,Saumitra Khan,West Bengal,Bishnupur,All India Trinamool Congress,64,136,18,1
473,Savitri Bai Foole,Uttar Pradesh,Bahraich,Bharatiya Janata Party,73,91,62,1
474,Savitri Thakur,Madhya Pradesh,Dhar,Bharatiya Janata Party,92,18,207,1
475,Shailesh Kumar Urph Bulo Mandal,Bihar,Bhagalpur,Rashtriya Janata Dal,76,104,254,17
476,Shanta Kumar,Himachal Pradesh,Kangra,Bharatiya Janata Party,90,1,23,1
477,Sharad Bansode,Maharashtra,Solapur,Bharatiya Janata Party,93,116,166,1
478,Sharad Tripathi,Uttar Pradesh,Sant Kabir Nagar,Bharatiya Janata Party,98,115,109,17
479,Shashi Tharoor,Kerala,Thiruvananthapuram,Indian National Congress,85,133,199,23
480,Shatrughan Sinha,Bihar,Patna Sahib,Bharatiya Janata Party,68,1,1,1
481,Sher Singh Ghubaya,Punjab,Ferozpur,Shiromani Akali Dal,67,100,53,1
482,Shibu Soren,Jharkhand,Dumka,Jharkhand Mukti Morcha,38,1,1,1
483,Shivaji Adhalrao Patil,Maharashtra,Shirur,Shiv Sena,68,85,310,24
484,Shobha Karandlaje,Karnataka,Udupi Chikmagalur,Bharatiya Janata Party,89,6,272,1
485,Shrikant Eknath Shinde,Maharashtra,Kalyan,Shiv Sena,83,17,285,17
486,Shrimant Chh. Udyanraje Pratapsinhmaharaj Bhonsle,Maharashtra,Satara,Nationalist Congress Party,28,1,1,1
487,Shripad Yesso Naik,Goa,North Goa,Bharatiya Janata Party,NA,155,315,25
488,Shrirang Appa Barne,Maharashtra,Maval,Shiv Sena,94,73,311,9
489,Shyama Charan Gupta,Uttar Pradesh,Allahabad,Bharatiya Janata Party,93,70,267,1
490,Sidhant Mohapatra,Odisha,Berhampur,Biju Janata Dal,68,116,1,1
491,Siraj Uddin Ajmal,Assam,Barpeta,All India United Democratic Front,35,74,107,1
492,Sisir Kumar Adhikari,West Bengal,Kanthi,All India Trinamool Congress,47,1,79,1
493,Sona Ram,Rajasthan,Barmer,Bharatiya Janata Party,96,98,157,1
494,Sonia Gandhi,Uttar Pradesh,Rae Bareli,Indian National Congress,59,116,1,1
495,Sreemati Dev Varma (Moon Moon Sen),West Bengal,Bankura,All India Trinamool Congress,66,2,1,1
496,Subhash Baheria,Rajasthan,Bhilwara,Bharatiya Janata Party,97,106,182,1
497,Subhash Patel,Madhya Pradesh,Khargone,Bharatiya Janata Party,91,136,308,1
498,Subhash Ramrao Bhamre,Maharashtra,Dhule,Bharatiya Janata Party,77,146,82,1
499,Subrata Bakshi,West Bengal,Kolkata Dakshin,All India Trinamool Congress,25,1,1,1
500,Sudarshan Bhagat,Jharkhand,Lohardaga,Bharatiya Janata Party,NA,155,315,25
501,Sudhir Gupta,Madhya Pradesh,Mandsour,Bharatiya Janata Party,90,88,298,2
502,Sudip Bandyopadhyay,West Bengal,Kolkata Uttar,All India Trinamool Congress,58,104,1,1
503,Sugata Bose,West Bengal,Jadavpur,All India Trinamool Congress,59,75,132,13
504,Sukender Reddy Gutha,Telangana,Nalgonda,Indian National Congress,49,23,148,1
505,Sukhbir Singh Jaunapuria,Rajasthan,Tonk-Sawai Madhopur,Bharatiya Janata Party,97,126,121,3
506,Sultan Ahmed,West Bengal,Uluberia,All India Trinamool Congress,56,37,96,1
507,Sumedhanand Saraswati,Rajasthan,Sikar,Bharatiya Janata Party,91,135,215,1
508,Sumitra Mahajan,Madhya Pradesh,Indore,Bharatiya Janata Party,NA,155,315,25
509,Sunil Baliram Gaikwad,Maharashtra,Latur,Bharatiya Janata Party,97,93,270,1
510,Sunil Kumar Jakhar,Punjab,Gurdaspur,Indian National Congress,85,2,23,1
511,Sunil Kumar Mondal,West Bengal,Bardhaman Purba,All India Trinamool Congress,86,136,149,1
512,Sunil Kumar Singh,Jharkhand,Chatra,Bharatiya Janata Party,90,5,244,12
513,Supriya Sule,Maharashtra,Baramati,Nationalist Congress Party,96,13,6,9
514,Suresh Channabasappa Angadi,Karnataka,Belgaum,Bharatiya Janata Party,91,91,108,1
515,Suresh Kodikunnil,Kerala,Mavelikkara,Indian National Congress,71,150,226,21
516,Sushil Kumar Singh,Bihar,Aurangabad,Bharatiya Janata Party,90,131,187,17
517,Sushma Swaraj,Madhya Pradesh,Vidisha,Bharatiya Janata Party,NA,155,315,25
518,Sushmita Dev,Assam,Silchar,Indian National Congress,80,138,111,17
519,Suvendu Adhikari,West Bengal,Tamluk,All India Trinamool Congress,21,136,236,1
520,Swami Sachchidanand Hari Sakshi,Uttar Pradesh,Unnao,Bharatiya Janata Party,94,18,52,1
521,T. Radhakrishnan,Tamil Nadu,Virudhunagar,All India Anna Dravida Munnetra Kazhagam,74,10,291,1
522,T.G. Venkatesh Babu,Tamil Nadu,Chennai North,All India Anna Dravida Munnetra Kazhagam,81,114,273,1
523,Tamradhwaj Sahu,Chhattisgarh,Durg,Indian National Congress,81,83,45,2
524,Tapas Mandal,West Bengal,Ranaghat,All India Trinamool Congress,89,81,69,1
525,Tapas Paul,West Bengal,Krishnanagar,All India Trinamool Congress,44,136,281,1
526,Tariq Anwar,Bihar,Katihar,Nationalist Congress Party,89,94,31,1
527,Tariq Hameed Karra,Jammu and Kashmir,Srinagar,Jammu and Kashmir Peoples Democratic Party,34,95,70,1
528,Tasleem Uddin,Bihar,Araria,Rashtriya Janata Dal,79,1,69,1
529,Tathagata Satpathy,Odisha,Dhenkanal,Biju Janata Dal,92,135,171,2
530,Tej Pratap Singh Yadav,Uttar Pradesh,Mainpuri,Samajwadi Party,85,23,36,1
531,Thangso Baite,Manipur,Outer Manipur,Indian National Congress,92,10,34,1
532,Thokchom Meinya,Manipur,Inner Manipur,Indian National Congress,94,118,43,19
533,Thota Narasimham,Andhra Pradesh,Kakinada,Telugu Desam Party,96,121,22,1
534,Thupstan Chhewang,Jammu and Kashmir,Ladakh,Bharatiya Janata Party,89,54,141,1
535,Tokheho,Nagaland,Nagaland,Nationalist Democratic Progressive Party,91,53,1,1
536,Udasi Shivkumar Chanabasappa,Karnataka,Haveri,Bharatiya Janata Party,93,25,190,1
537,Uday Pratap Singh,Madhya Pradesh,Hoshangabad,Bharatiya Janata Party,91,99,87,1
538,Udit Raj,Delhi,North West Delhi,Bharatiya Janata Party,98,151,134,10
539,Uma Bharati,Uttar Pradesh,Jhansi,Bharatiya Janata Party,NA,155,315,25
540,Uma Saren,West Bengal,Jhargram,All India Trinamool Congress,62,1,1,1
541,Upendra Kushwaha,Bihar,Karakat,Rashtriya Lok Samta Party,NA,155,315,25
542,V. Elumalai,Tamil Nadu,Arani,All India Anna Dravida Munnetra Kazhagam,87,128,206,1
543,V. Pannerselvam,Tamil Nadu,Salem,All India Anna Dravida Munnetra Kazhagam,70,62,27,1
544,V. Sathyabama,Tamil Nadu,Tiruppur,All India Anna Dravida Munnetra Kazhagam,87,9,183,1
545,Varaprasad Rao Velagapalli,Andhra Pradesh,Tirupati,Yuvajana Sramika Rythu Congress Party,82,132,1,1
546,Vasava Parbhubhai Nagarbhai,Gujarat,Bardoli,Bharatiya Janata Party,79,40,90,1
547,Veena Devi,Bihar,Munger,Lok Jan Shakti Party,93,68,51,1
548,Vijay Kumar Hansdak,Jharkhand,Rajmahal,Jharkhand Mukti Morcha,70,83,178,1
549,Vijay Kumar Singh,Uttar Pradesh,Ghaziabad,Bharatiya Janata Party,NA,155,315,25
550,Vijay Sampla,Punjab,Hoshiarpur,Bharatiya Janata Party,97,95,2,1
551,Vijaysinh Shankarrao Mohite Patil,Maharashtra,Madha,Nationalist Congress Party,61,1,313,1
552,Vikram Dev Usendi,Chhattisgarh,Kanker,Bharatiya Janata Party,97,62,10,1
553,Vinayak Bhaurao Raut,Maharashtra,Ratnagiri-Sindhudurg,Shiv Sena,81,14,301,13
554,Vincent H Pala,Meghalaya,Shillong,Indian National Congress,92,66,83,19
555,Vinod Khanna,Punjab,Gurdaspur,Bharatiya Janata Party,50,125,1,1
556,Vinod Kumar Boinapally,Telangana,Karimnagar,Telangana Rashtra Samithi,78,152,227,22
557,Vinod Kumar Sonkar,Uttar Pradesh,Kaushambi,Bharatiya Janata Party,86,126,26,1
558,Virender Kashyap,Himachal Pradesh,Shimla,Bharatiya Janata Party,93,110,61,1
559,Virendra Kumar,Madhya Pradesh,Tikamgarh,Bharatiya Janata Party,96,35,160,1
560,Virendra Singh,Uttar Pradesh,Bhadohi,Bharatiya Janata Party,91,66,302,1
561,Vishnu Dayal Ram,Jharkhand,Palamu,Bharatiya Janata Party,92,129,167,22
562,Vishnu Deo Sai,Chhattisgarh,Raigarh,Bharatiya Janata Party,NA,155,315,25
563,Vitthalbhai Hansrajbhai Radadiya,Gujarat,Porbandar,Bharatiya Janata Party,15,1,1,1
564,Y.S. Avinash Reddy,Andhra Pradesh,Kadapa,Yuvajana Sramika Rythu Congress Party,42,136,100,1
565,Y.V. Subba Reddy,Andhra Pradesh,Ongole,Yuvajana Sramika Rythu Congress Party,76,109,176,13
566,Yashwant Singh,Uttar Pradesh,Nagina,Bharatiya Janata Party,95,86,1,1
567,Yellaiah Nandi,Telangana,Nagarkurnool,Indian National Congress,70,116,42,1
568,Yogi Adityanath,Uttar Pradesh,Gorakhpur,Bharatiya Janata Party,67,112,137,17
